﻿Quelle:;"Bayerisches Landesamt für Umwelt, www.gkd.bayern.de"
Datenbankabfrage:;"18.02.2025 18:09"
Zeitbezug:;MEZ
Messstellen-Name:;"Landshut Birket"
Messstellen-Nr.:;16007004
Gewässer:;Isar
Ostwert:;731336;Nordwert:;5379682;"ETRS89 / UTM Zone 32N"
Pegelnullpunktshöhe:;"388,62 m NHN (DHHN2016)"

Datum;"Abfluss [m³/s]";Prüfstatus
"2025-02-18 00:15";119;Rohdaten
"2025-02-18 00:30";119;Rohdaten
"2025-02-18 00:45";119;Rohdaten
"2025-02-18 01:00";119;Rohdaten
"2025-02-18 01:15";119;Rohdaten
"2025-02-18 01:30";119;Rohdaten
"2025-02-18 01:45";119;Rohdaten
"2025-02-18 02:00";119;Rohdaten
"2025-02-18 02:15";116;Rohdaten
"2025-02-18 02:30";119;Rohdaten
"2025-02-18 02:45";119;Rohdaten
"2025-02-18 03:00";119;Rohdaten
"2025-02-18 03:15";116;Rohdaten
"2025-02-18 03:30";116;Rohdaten
"2025-02-18 03:45";116;Rohdaten
"2025-02-18 04:00";116;Rohdaten
"2025-02-18 04:15";116;Rohdaten
"2025-02-18 04:30";116;Rohdaten
"2025-02-18 04:45";116;Rohdaten
"2025-02-18 05:00";116;Rohdaten
"2025-02-18 05:15";116;Rohdaten
"2025-02-18 05:30";116;Rohdaten
"2025-02-18 05:45";116;Rohdaten
"2025-02-18 06:00";116;Rohdaten
"2025-02-18 06:15";116;Rohdaten
"2025-02-18 06:30";116;Rohdaten
"2025-02-18 06:45";116;Rohdaten
"2025-02-18 07:00";116;Rohdaten
"2025-02-18 07:15";116;Rohdaten
"2025-02-18 07:30";116;Rohdaten
"2025-02-18 07:45";114;Rohdaten
"2025-02-18 08:00";114;Rohdaten
"2025-02-18 08:15";114;Rohdaten
"2025-02-18 08:30";111;Rohdaten
"2025-02-18 08:45";109;Rohdaten
"2025-02-18 09:00";109;Rohdaten
"2025-02-18 09:15";109;Rohdaten
"2025-02-18 09:30";109;Rohdaten
"2025-02-18 09:45";107;Rohdaten
"2025-02-18 10:00";107;Rohdaten
"2025-02-18 10:15";109;Rohdaten
"2025-02-18 10:30";111;Rohdaten
"2025-02-18 10:45";107;Rohdaten
"2025-02-18 11:00";111;Rohdaten
"2025-02-18 11:15";107;Rohdaten
"2025-02-18 11:30";107;Rohdaten
"2025-02-18 11:45";109;Rohdaten
"2025-02-18 12:00";111;Rohdaten
"2025-02-18 12:15";111;Rohdaten
"2025-02-18 12:30";114;Rohdaten
"2025-02-18 12:45";116;Rohdaten
"2025-02-18 13:00";119;Rohdaten
"2025-02-18 13:15";119;Rohdaten
"2025-02-18 13:30";119;Rohdaten
"2025-02-18 13:45";119;Rohdaten
"2025-02-18 14:00";119;Rohdaten
"2025-02-18 14:15";119;Rohdaten
"2025-02-18 14:30";116;Rohdaten
"2025-02-18 14:45";116;Rohdaten
"2025-02-18 15:00";116;Rohdaten
"2025-02-18 15:15";116;Rohdaten
"2025-02-18 15:30";116;Rohdaten
"2025-02-18 15:45";116;Rohdaten
"2025-02-18 16:00";;Rohdaten
"2025-02-18 16:15";;Rohdaten
"2025-02-18 16:30";133;Rohdaten
"2025-02-18 16:45";;Rohdaten
"2025-02-18 17:00";;Rohdaten
"2025-02-18 17:15";;Rohdaten
"2025-02-18 17:30";;Rohdaten
"2025-02-18 17:45";;Rohdaten
"2025-02-18 18:00";;Rohdaten
